{"epoch":4,"val/precision":0.6451612903225806,"_step":3,"_runtime":11516,"train/loss":0.5673221099902602,"_wandb":{"runtime":11516},"val/recall":0.8571428571428571,"val/loss":0.3682132810354233,"_timestamp":1.765023007845361e+09,"val/f1":0.7361963190184049}